grade,n_params,year,metric,width_base,width_pinned,shrink
Empirical,0,2035,D,0.1690,0.1690,0.0000
Empirical,0,2035,R,0.1676,0.1676,0.0000
Empirical,0,2045,D,0.4134,0.4134,0.0000
Empirical,0,2045,R,0.3838,0.3838,0.0000
Empirical,0,2055,D,0.6623,0.6623,0.0000
Empirical,0,2055,R,0.4387,0.4387,0.0000
Anchored,34,2035,D,0.1690,0.1639,0.0301
Anchored,34,2035,R,0.1676,0.1628,0.0286
Anchored,34,2045,D,0.4134,0.4329,-0.0472
Anchored,34,2045,R,0.3838,0.4368,-0.1379
Anchored,34,2055,D,0.6623,0.6252,0.0559
Anchored,34,2055,R,0.4387,0.4316,0.0160
Subjective,34,2035,D,0.1690,0.0465,0.7246
Subjective,34,2035,R,0.1676,0.0455,0.7287
Subjective,34,2045,D,0.4134,0.0588,0.8578
Subjective,34,2045,R,0.3838,0.0269,0.9299
Subjective,34,2055,D,0.6623,0.1383,0.7912
Subjective,34,2055,R,0.4387,0.0238,0.9457
