year,p_demand_below_today,p_demand_below_80,p_demand_below_50,p_supply_exceeds_demand,p_oversupply,p_severe_oversupply,p_shortage_10,p_jevons
2026,0.0000,0.0000,0.0000,0.0000,0.0000,0.0000,0.2156,0.0000
2027,0.1151,0.0000,0.0000,0.0011,0.0000,0.0000,0.2746,0.3029
2028,0.1683,0.0000,0.0000,0.0181,0.0001,0.0000,0.3125,0.2207
2029,0.2304,0.0006,0.0000,0.0649,0.0065,0.0000,0.3133,0.1459
2030,0.2915,0.0084,0.0000,0.1280,0.0323,0.0034,0.2925,0.0922
2031,0.3411,0.0301,0.0000,0.2003,0.0691,0.0187,0.2599,0.0565
2032,0.3759,0.0581,0.0001,0.2695,0.1057,0.0466,0.2320,0.0379
2033,0.4013,0.0819,0.0003,0.3336,0.1345,0.0746,0.2120,0.0271
2034,0.4128,0.0969,0.0011,0.3863,0.1623,0.0946,0.2003,0.0226
2035,0.4137,0.1061,0.0024,0.4253,0.1870,0.1069,0.1949,0.0211
2036,0.4098,0.1109,0.0055,0.4556,0.2111,0.1145,0.1933,0.0222
2037,0.4025,0.1151,0.0100,0.4799,0.2354,0.1221,0.1952,0.0235
2038,0.3935,0.1172,0.0147,0.4971,0.2549,0.1300,0.1977,0.0254
2039,0.3846,0.1198,0.0203,0.5110,0.2748,0.1379,0.1994,0.0269
2040,0.3738,0.1227,0.0253,0.5238,0.2905,0.1462,0.2021,0.0294
2041,0.3651,0.1251,0.0311,0.5341,0.3059,0.1538,0.2034,0.0307
2042,0.3579,0.1278,0.0367,0.5432,0.3219,0.1615,0.2046,0.0333
2043,0.3535,0.1299,0.0425,0.5518,0.3352,0.1688,0.2057,0.0348
2044,0.3493,0.1315,0.0479,0.5605,0.3484,0.1750,0.2067,0.0355
2045,0.3465,0.1340,0.0527,0.5698,0.3598,0.1810,0.2074,0.0350
2046,0.3440,0.1359,0.0565,0.5779,0.3713,0.1875,0.2079,0.0347
2047,0.3422,0.1381,0.0605,0.5858,0.3830,0.1935,0.2077,0.0341
2048,0.3416,0.1409,0.0632,0.5924,0.3922,0.2006,0.2075,0.0331
2049,0.3416,0.1424,0.0655,0.6000,0.4002,0.2059,0.2072,0.0321
2050,0.3413,0.1443,0.0673,0.6066,0.4104,0.2099,0.2054,0.0307
2051,0.3414,0.1466,0.0678,0.6133,0.4179,0.2160,0.2036,0.0302
2052,0.3423,0.1490,0.0685,0.6193,0.4273,0.2212,0.2026,0.0289
2053,0.3432,0.1507,0.0687,0.6251,0.4350,0.2264,0.2025,0.0274
2054,0.3430,0.1527,0.0682,0.6299,0.4420,0.2302,0.2013,0.0261
2055,0.3433,0.1543,0.0673,0.6345,0.4493,0.2343,0.2003,0.0247
2056,0.3441,0.1567,0.0663,0.6393,0.4560,0.2378,0.1993,0.0233
2057,0.3444,0.1582,0.0653,0.6449,0.4604,0.2412,0.1988,0.0221
2058,0.3436,0.1595,0.0650,0.6482,0.4648,0.2440,0.1989,0.0211
2059,0.3432,0.1608,0.0638,0.6509,0.4689,0.2457,0.1972,0.0200
2060,0.3436,0.1617,0.0624,0.6535,0.4713,0.2467,0.1979,0.0191
2061,0.3428,0.1623,0.0611,0.6548,0.4726,0.2467,0.1982,0.0180
2062,0.3416,0.1635,0.0603,0.6570,0.4741,0.2448,0.2000,0.0172
2063,0.3404,0.1646,0.0590,0.6579,0.4737,0.2419,0.2018,0.0165
2064,0.3394,0.1654,0.0575,0.6574,0.4721,0.2382,0.2031,0.0158
2065,0.3384,0.1659,0.0565,0.6551,0.4711,0.2347,0.2054,0.0154
2066,0.3373,0.1663,0.0557,0.6522,0.4684,0.2296,0.2079,0.0151
