p5,p10,p25,p50,p75,p90,p95,year
1.0000,1.0000,1.0000,1.0000,1.0000,1.0000,1.0000,2026
1.0036,1.0043,1.0056,1.0071,1.0087,1.0100,1.0107,2027
1.0077,1.0091,1.0116,1.0144,1.0173,1.0199,1.0214,2028
1.0124,1.0145,1.0181,1.0222,1.0264,1.0301,1.0323,2029
1.0178,1.0205,1.0251,1.0304,1.0359,1.0407,1.0436,2030
1.0245,1.0278,1.0334,1.0399,1.0465,1.0525,1.0561,2031
1.0318,1.0357,1.0424,1.0501,1.0578,1.0648,1.0691,2032
1.0395,1.0441,1.0517,1.0606,1.0695,1.0776,1.0825,2033
1.0477,1.0528,1.0615,1.0714,1.0815,1.0907,1.0963,2034
1.0559,1.0618,1.0715,1.0826,1.0939,1.1042,1.1105,2035
1.0644,1.0710,1.0818,1.0941,1.1066,1.1181,1.1251,2036
1.0729,1.0802,1.0922,1.1058,1.1196,1.1323,1.1400,2037
1.0813,1.0894,1.1025,1.1176,1.1328,1.1469,1.1553,2038
1.0891,1.0983,1.1125,1.1293,1.1461,1.1617,1.1708,2039
1.0957,1.1059,1.1223,1.1408,1.1593,1.1767,1.1866,2040
1.1006,1.1124,1.1310,1.1518,1.1724,1.1914,1.2023,2041
1.1024,1.1177,1.1391,1.1624,1.1854,1.2065,1.2184,2042
1.1024,1.1208,1.1466,1.1727,1.1982,1.2216,1.2349,2043
1.0984,1.1227,1.1528,1.1823,1.2108,1.2365,1.2514,2044
1.0915,1.1227,1.1583,1.1915,1.2231,1.2514,1.2678,2045
1.0824,1.1211,1.1630,1.2002,1.2352,1.2666,1.2846,2046
1.0706,1.1173,1.1670,1.2084,1.2470,1.2815,1.3014,2047
1.0577,1.1115,1.1702,1.2163,1.2583,1.2965,1.3187,2048
1.0427,1.1045,1.1724,1.2238,1.2698,1.3118,1.3363,2049
1.0271,1.0970,1.1743,1.2307,1.2812,1.3272,1.3543,2050
1.0094,1.0870,1.1753,1.2377,1.2923,1.3431,1.3723,2051
0.9924,1.0774,1.1761,1.2442,1.3037,1.3588,1.3914,2052
0.9750,1.0668,1.1764,1.2504,1.3151,1.3747,1.4102,2053
0.9568,1.0555,1.1763,1.2565,1.3265,1.3911,1.4304,2054
0.9395,1.0439,1.1756,1.2623,1.3379,1.4074,1.4506,2055
0.9218,1.0316,1.1748,1.2677,1.3495,1.4243,1.4711,2056
0.9036,1.0204,1.1741,1.2732,1.3612,1.4426,1.4919,2057
0.8848,1.0078,1.1726,1.2785,1.3728,1.4601,1.5128,2058
0.8663,0.9959,1.1711,1.2836,1.3844,1.4778,1.5339,2059
0.8490,0.9818,1.1693,1.2885,1.3960,1.4961,1.5552,2060
0.8306,0.9691,1.1667,1.2929,1.4076,1.5137,1.5763,2061
0.8124,0.9566,1.1643,1.2971,1.4188,1.5314,1.5974,2062
0.7945,0.9436,1.1618,1.3016,1.4304,1.5491,1.6179,2063
0.7764,0.9322,1.1585,1.3059,1.4420,1.5665,1.6382,2064
0.7596,0.9201,1.1551,1.3096,1.4531,1.5835,1.6580,2065
0.7438,0.9089,1.1511,1.3131,1.4635,1.6005,1.6792,2066
