group,focus,members,D2035_p50_base,D2035_p50_low,D2035_p50_high,D2035_p50_swing,D2045_p50_base,D2045_p50_low,D2045_p50_high,D2045_p50_swing,D2055_p50_base,D2055_p50_low,D2055_p50_high,D2055_p50_swing,pOver2035_base,pOver2035_low,pOver2035_high,pOver2035_swing,pOver2045_base,pOver2045_low,pOver2045_high,pOver2045_swing,pOver2055_base,pOver2055_low,pOver2055_high,pOver2055_swing,R2045_p50_base,R2045_p50_low,R2045_p50_high,R2045_p50_swing
AI capability speed,False,ai_u,1.0120,1.0429,0.6705,0.3723,1.0572,1.1020,0.5041,0.5979,1.0819,1.1575,0.4448,0.7127,0.1920,0.0446,0.9852,0.9406,0.4081,0.2989,0.9989,0.7000,0.5455,0.4354,0.9990,0.5636,1.0566,1.0168,2.0339,1.0171
Future imaging utilization,True,"util_g0, util_ginf, cmplx_g0",1.0120,0.9235,1.1232,0.1998,1.0572,0.8779,1.3011,0.4232,1.0819,0.8311,1.4626,0.6315,0.1920,0.4039,0.1089,0.2950,0.4081,0.9349,0.1197,0.8151,0.5455,0.9876,0.1319,0.8558,1.0566,1.2532,0.8643,0.3889
Assistive-AI time savings,False,"m_interp, m_draft, m_consult, m_admin, adopt_mid",1.0120,1.0645,0.9501,0.1144,1.0572,1.1361,0.9589,0.1772,1.0819,1.1680,0.9738,0.1942,0.1920,0.1224,0.3405,0.2181,0.4081,0.2779,0.6079,0.3300,0.5455,0.4524,0.6765,0.2241,1.0566,0.9896,1.1483,0.1588
New imaging applications,True,"new_max, lambda_new, new_T0",1.0120,0.9876,1.0555,0.0679,1.0572,1.0148,1.1184,0.1036,1.0819,1.0329,1.1546,0.1217,0.1920,0.2354,0.1490,0.0864,0.4081,0.4969,0.3060,0.1909,0.5455,0.6172,0.4619,0.1554,1.0566,1.0989,1.0002,0.0987
Scanner throughput & capacity,True,"thru_H, latent, cap_invest, thru_T0",1.0120,0.9757,1.0361,0.0604,1.0572,1.0089,1.0810,0.0721,1.0819,1.0310,1.1073,0.0763,0.1920,0.2635,0.1645,0.0990,0.4081,0.5046,0.3676,0.1370,0.5455,0.6128,0.5188,0.0940,1.0566,1.1027,1.0365,0.0662
Regulatory delay,True,"lval, lfda, lpay",1.0120,0.9958,1.0239,0.0280,1.0572,1.0282,1.0921,0.0639,1.0819,1.0499,1.1308,0.0809,0.1920,0.2165,0.1665,0.0500,0.4081,0.4672,0.3366,0.1306,0.5455,0.5844,0.4815,0.1029,1.0566,1.0846,1.0223,0.0622
AI-first / autonomous adoption,True,"amax1, amax2, amax3, amax4, f_sub, ahalf",1.0120,1.0170,1.0045,0.0125,1.0572,1.0800,1.0265,0.0535,1.0819,1.1340,1.0163,0.1176,0.1920,0.1815,0.2049,0.0234,0.4081,0.3589,0.4764,0.1175,0.5455,0.4614,0.6492,0.1879,1.0566,1.0337,1.0887,0.0550
Demographics,False,"dem_rate, dem_late",1.0120,1.0017,1.0240,0.0223,1.0572,1.0331,1.0837,0.0505,1.0819,1.0436,1.1266,0.0830,0.1920,0.2095,0.1771,0.0324,0.4081,0.4591,0.3585,0.1006,0.5455,0.6065,0.4760,0.1305,1.0566,1.0816,1.0329,0.0487
Price elasticity & pass-through,False,"elasticity, pass_through, pc_share, access",1.0120,0.9981,1.0295,0.0314,1.0572,1.0377,1.0830,0.0452,1.0819,1.0608,1.1100,0.0493,0.1920,0.2174,0.1623,0.0551,0.4081,0.4477,0.3613,0.0865,0.5455,0.5709,0.5065,0.0644,1.0566,1.0736,1.0331,0.0404
Today's shortage (2026 S/D),False,ratio0,1.0120,1.0078,1.0167,0.0089,1.0572,1.0556,1.0579,0.0023,1.0819,1.0813,1.0822,0.0008,0.1920,0.1451,0.2490,0.1039,0.4081,0.3316,0.4838,0.1521,0.5455,0.4919,0.5887,0.0969,1.0566,1.0169,1.0909,0.0739
Shortage-driven AI adoption,False,adopt_pressure,1.0120,1.0202,1.0051,0.0151,1.0572,1.0581,1.0565,0.0016,1.0819,1.0821,1.0818,0.0003,0.1920,0.1835,0.1986,0.0151,0.4081,0.4111,0.4061,0.0050,0.5455,0.5497,0.5421,0.0076,1.0566,1.0577,1.0559,0.0017
Residency slot growth,False,slot_g,1.0120,1.0120,1.0120,0.0000,1.0572,1.0571,1.0573,0.0002,1.0819,1.0817,1.0821,0.0004,0.1920,0.1908,0.1935,0.0028,0.4081,0.3571,0.4630,0.1059,0.5455,0.3959,0.6894,0.2935,1.0566,1.0318,1.0820,0.0502
Attrition,False,attr_mult,1.0120,1.0124,1.0114,0.0010,1.0572,1.0574,1.0572,0.0002,1.0819,1.0820,1.0818,0.0002,0.1920,0.2024,0.1824,0.0200,0.4081,0.4269,0.3907,0.0361,0.5455,0.5609,0.5274,0.0335,1.0566,1.0652,1.0482,0.0169
Residency adjustment,True,"resid_gamma, fill_kappa, resid_lag",1.0120,1.0120,1.0120,0.0000,1.0572,1.0571,1.0572,0.0001,1.0819,1.0818,1.0820,0.0002,0.1920,0.1911,0.1926,0.0015,0.4081,0.4075,0.4036,0.0039,0.5455,0.5621,0.5091,0.0530,1.0566,1.0547,1.0569,0.0022
